{
	"gridLayout": [
		{
			"layoutId:": 0,
			"layoutName": "First Layout",
			"form": {
				"gridPos": [
					{  
						"x": 0, 
						"y": 0, 
						"w": 2, 
						"h": 3, 
						"i": "0" 
					},
					{  
						"x": 2, 
						"y": 0, 
						"w": 2, 
						"h": 3, 
						"i": "1" 
					},
					{  
						"x": 7, 
						"y": 0, 
						"w": 2, 
						"h": 3, 
						"i": "2" 
					},
					{  
						"x": 0, 
						"y": 3, 
						"w": 12, 
						"h": 1, 
						"i": "3" 
					},
					{  
						"x": 0, 
						"y": 4, 
						"w": 5, 
						"h": 6, 
						"i": "4" 
					}
				],
				"type": [
					"radialBar",
					"radialBar",
					"radialBar",
					"rowtitle",
					"lineChart"
				],
				"title": [
					["Core Network 1"],
					["Core Network 2"],
					["Core Network 2"],
					["Row title 1"],
					[	
						["Line Chart"],
						["CMCC", "CTCC", "CUCC"]
					]
				],
				"radialChartColor": {
					"outsideChart": 
					{ 
						"color1": "green", 
						"color2": "orange", 
						"color3": "red"
					},
					"insideChart": { 
						"color1": "green", 
						"color2": "red"
					}
				}
				
			},
			"data": [
				{
					"value": [ 
						[ 
							1669666731889,
							1669666851889
						], 
						[ 10, 20]
					],
					"outsideChart": { 
						"value1": 80,
						"value2": 90
					},
					"resizable": true, 
					"draggable": true
				},
				{
					"value": [ 
						[ 
							1669666731889,
							1669666851889
						], 
						[ 20, 30]
					],
					"outsideChart": { 
						"value1": 80,
						"value2": 90
					},
					"resizable": true, 
					"draggable": true
				},
				{
					"value": [ 
						[ 
							1669666731889,
							1669666851889
						], 
						[ 30, 40]
					],
					"outsideChart": { 
						"value1": 80,
						"value2": 90
					},
					"resizable": true, 
					"draggable": true
				},
				{
					"value": [ 
					],
					"resizable": false, 
					"draggable": false
				},
				{
					"value": [ 
						[
							"13:00", "13:05", "13:10", "13:15", "13:20", "13:25", "13:30", "13:35", "13:40", "13:45", "13:50", "13:55",
							"14:00", "14:05", "14:10", "14:15", "14:20", "14:25", "14:30", "14:35", "14:40", "14:45", "14:50", "14:55",
							"15:00", "15:05", "15:10", "15:15", "15:20", "15:25", "15:30", "15:35", "15:40", "15:45", "15:50", "15:55"
						],
						[	
							220, 182, 191, 134, 150, 120, 110, 125, 145, 122, 165, 122,
							220, 182, 191, 134, 150, 120, 110, 125, 145, 122, 165, 122,
							220, 182, 191, 134, 150, 120, 110, 125, 145, 122, 165, 122
						],
						[	
							120, 110, 125, 145, 122, 165, 122, 220, 182, 191, 134, 150,
							120, 110, 125, 145, 122, 165, 122, 220, 182, 191, 134, 150,
							120, 110, 125, 145, 122, 165, 122, 220, 182, 191, 134, 150
						],
						[	
							220, 182, 125, 145, 122, 191, 134, 150, 120, 110, 165, 122,
							220, 182, 125, 145, 122, 191, 134, 150, 120, 110, 165, 122,
							220, 182, 125, 145, 122, 191, 134, 150, 120, 110, 165, 122
						]
					],
					"resizable": true, 
					"draggable": true
				}
			
			]
		}
	]
}
		
			
